name,cordenadas_x,cordenadas_y
Centro de distribuição,37.435778,127.168111
Paris Baguette - Hannam,37.533222,127.006
Paris Baguette Market,37.503255,127.024443
Paris Baguette,37.5279,127.030574
Paris Baguette Cafe,37.555433,127.009866
Paris Baguette,37.544494, 126.951207
Paris Baguette,37.540528, 126.948825
Paris Baguette,37.557093, 126.945887
Paris Baguette,37.556955, 126.937119
Paris Baguette,37.563272, 126.946379
Paris Baguette,37.554998, 126.969753
Paris Baguette,37.560712, 126.977845
